ds,y,yhat,sum
2014-01-03,16.448,0.0,16.448
2014-01-04,288.06,0.0,288.06
2014-01-05,19.536,0.0,19.536
2014-01-06,4407.1,0.0,4407.1
2014-01-07,87.15799999999999,0.0,87.15799999999999
2014-01-08,0.0,0.0,0.0
2014-01-09,40.544,0.0,40.544
2014-01-10,54.83,0.0,54.83
2014-01-11,9.94,0.0,9.94
2014-01-12,0.0,0.0,0.0
2014-01-13,3553.795,0.0,3553.795
2014-01-14,61.96,0.0,61.96
2014-01-15,149.95,0.0,149.95
2014-01-16,299.964,0.0,299.964
2014-01-17,0.0,0.0,0.0
2014-01-18,64.864,0.0,64.864
2014-01-19,378.594,0.0,378.594
2014-01-20,2673.87,0.0,2673.87
2014-01-21,25.248,0.0,25.248
2014-01-22,0.0,0.0,0.0
2014-01-23,46.019999999999996,0.0,46.019999999999996
2014-01-24,0.0,0.0,0.0
2014-01-25,0.0,0.0,0.0
2014-01-26,1097.25,0.0,1097.25
2014-01-27,426.67,0.0,426.67
2014-01-28,3.928,0.0,3.928
2014-01-29,0.0,0.0,0.0
2014-01-30,240.5,0.0,240.5
2014-01-31,290.666,0.0,290.666
2014-02-01,468.9,0.0,468.9
2014-02-02,211.64600000000002,0.0,211.64600000000002
2014-02-03,97.11200000000001,0.0,97.11200000000001
2014-02-04,134.38400000000001,0.0,134.38400000000001
2014-02-05,0.0,0.0,0.0
2014-02-06,330.512,0.0,330.512
2014-02-07,180.32,0.0,180.32
2014-02-08,14.56,0.0,14.56
2014-02-09,0.0,0.0,0.0
2014-02-10,0.0,0.0,0.0
2014-02-11,2043.4,0.0,2043.4
2014-02-12,129.568,0.0,129.568
2014-02-13,0.0,0.0,0.0
2014-02-14,576.726,0.0,576.726
2014-02-15,21.36,0.0,21.36
2014-02-16,9.04,0.0,9.04
2014-02-17,54.208,0.0,54.208
2014-02-18,37.784,0.0,37.784
2014-02-19,0.0,0.0,0.0
2014-02-20,95.59,0.0,95.59
2014-02-21,8.85,0.0,8.85
2014-02-22,19.44,0.0,19.44
2014-02-23,11.364,0.0,11.364
2014-02-24,55.672,0.0,55.672
2014-02-25,0.0,0.0,0.0
2014-02-26,0.0,0.0,0.0
2014-02-27,19.456,0.0,19.456
2014-02-28,0.0,0.0,0.0
2014-03-01,2203.151,0.0,2203.151
2014-03-02,202.384,0.0,202.384
2014-03-03,1345.8919999999998,0.0,1345.8919999999998
2014-03-04,370.452,0.0,370.452
2014-03-05,705.562,0.0,705.562
2014-03-06,0.0,0.0,0.0
2014-03-07,1561.062,0.0,1561.062
2014-03-08,0.0,0.0,0.0
2014-03-09,0.0,0.0,0.0
2014-03-10,741.956,0.0,741.956
2014-03-11,918.314,0.0,918.314
2014-03-12,0.0,0.0,0.0
2014-03-13,0.0,0.0,0.0
2014-03-14,2108.55,0.0,2108.55
2014-03-15,370.78200000000004,0.0,370.78200000000004
2014-03-16,471.92,0.0,471.92
2014-03-17,3960.358,0.0,3960.358
2014-03-18,28106.716,0.0,28106.716
2014-03-19,590.762,0.0,590.762
2014-03-20,0.0,0.0,0.0
2014-03-21,4109.816,0.0,4109.816
2014-03-22,464.09299999999996,0.0,464.09299999999996
2014-03-23,945.064,0.0,945.064
2014-03-24,65.38,0.0,65.38
2014-03-25,459.146,0.0,459.146
2014-03-26,145.13,0.0,145.13
2014-03-27,0.0,0.0,0.0
2014-03-28,1823.8039999999999,0.0,1823.8039999999999
2014-03-29,890.841,0.0,890.841
2014-03-30,1170.3220000000001,0.0,1170.3220000000001
2014-03-31,1959.552,0.0,1959.552
2014-04-01,119.88799999999999,0.0,119.88799999999999
2014-04-02,1458.558,0.0,1458.558
2014-04-03,233.45,0.0,233.45
2014-04-04,475.844,0.0,475.844
2014-04-05,5295.098000000001,0.0,5295.098000000001
2014-04-06,1650.69,0.0,1650.69
2014-04-07,1021.1700000000001,0.0,1021.1700000000001
2014-04-08,1958.75,0.0,1958.75
2014-04-09,0.0,0.0,0.0
2014-04-10,0.0,0.0,0.0
2014-04-11,1915.24,0.0,1915.24
2014-04-12,1912.123,0.0,1912.123
2014-04-13,638.576,0.0,638.576
2014-04-14,0.0,0.0,0.0
2014-04-15,294.71999999999997,0.0,294.71999999999997
2014-04-16,39.072,0.0,39.072
2014-04-17,0.0,0.0,0.0
2014-04-18,1020.532,0.0,1020.532
2014-04-19,205.47,0.0,205.47
2014-04-20,1250.45,0.0,1250.45
2014-04-21,845.36,0.0,845.36
2014-04-22,257.752,0.0,257.752
2014-04-23,643.98,0.0,643.98
2014-04-24,0.0,0.0,0.0
2014-04-25,2379.9939999999997,0.0,2379.9939999999997
2014-04-26,282.568,0.0,282.568
2014-04-27,0.0,0.0,0.0
2014-04-28,2578.476,0.0,2578.476
2014-04-29,768.8439999999999,0.0,768.8439999999999
2014-04-30,1048.74,0.0,1048.74
2014-05-01,0.0,0.0,0.0
2014-05-02,506.12,0.0,506.12
2014-05-03,72.632,0.0,72.632
2014-05-04,187.43200000000002,0.0,187.43200000000002
2014-05-05,260.977,0.0,260.977
2014-05-06,254.456,0.0,254.456
2014-05-07,1091.35,0.0,1091.35
2014-05-08,1799.97,0.0,1799.97
2014-05-09,394.48,0.0,394.48
2014-05-10,2343.799,0.0,2343.799
2014-05-11,1642.802,0.0,1642.802
2014-05-12,734.846,0.0,734.846
2014-05-13,898.382,0.0,898.382
2014-05-14,310.88,0.0,310.88
2014-05-15,0.0,0.0,0.0
2014-05-16,289.28,0.0,289.28
2014-05-17,91.68,0.0,91.68
2014-05-18,948.9480000000001,0.0,948.9480000000001
2014-05-19,91.62,0.0,91.62
2014-05-20,320.10400000000004,0.0,320.10400000000004
2014-05-21,4264.3279999999995,0.0,4264.3279999999995
2014-05-22,180.93,0.0,180.93
2014-05-23,323.75800000000004,0.0,323.75800000000004
2014-05-24,116.28,0.0,116.28
2014-05-25,119.53999999999999,0.0,119.53999999999999
2014-05-26,1325.718,0.0,1325.718
2014-05-27,2157.394,0.0,2157.394
2014-05-28,221.96800000000002,0.0,221.96800000000002
2014-05-29,0.0,0.0,0.0
2014-05-30,1924.913,0.0,1924.913
2014-05-31,773.7,0.0,773.7
2014-06-01,5188.5199999999995,0.0,5188.5199999999995
2014-06-02,738.598,0.0,738.598
2014-06-03,741.336,0.0,741.336
2014-06-04,456.272,0.0,456.272
2014-06-05,0.0,0.0,0.0
2014-06-06,1374.0010000000002,0.0,1374.0010000000002
2014-06-07,281.397,0.0,281.397
2014-06-08,2501.264,0.0,2501.264
2014-06-09,5463.008,0.0,5463.008
2014-06-10,491.55,0.0,491.55
2014-06-11,0.0,0.0,0.0
2014-06-12,0.0,0.0,0.0
2014-06-13,14.52,0.0,14.52
2014-06-14,212.94,0.0,212.94
2014-06-15,942.9739999999999,0.0,942.9739999999999
2014-06-16,763.792,0.0,763.792
2014-06-17,3418.5020000000004,0.0,3418.5020000000004
2014-06-18,139.8,0.0,139.8
2014-06-19,0.0,0.0,0.0
2014-06-20,1828.9496,0.0,1828.9496
2014-06-21,4107.443,0.0,4107.443
2014-06-22,1975.498,0.0,1975.498
2014-06-23,109.49600000000001,0.0,109.49600000000001
2014-06-24,4.272,0.0,4.272
2014-06-25,792.76,0.0,792.76
2014-06-26,0.0,0.0,0.0
2014-06-27,616.14,0.0,616.14
2014-06-28,1645.791,0.0,1645.791
2014-06-29,46.68,0.0,46.68
2014-06-30,739.624,0.0,739.624
2014-07-01,601.0239999999999,0.0,601.0239999999999
2014-07-02,79.56,0.0,79.56
2014-07-03,0.0,0.0,0.0
2014-07-04,247.40800000000002,0.0,247.40800000000002
2014-07-05,1444.104,0.0,1444.104
2014-07-06,1038.472,0.0,1038.472
2014-07-07,241.19400000000002,0.0,241.19400000000002
2014-07-08,763.0740000000001,0.0,763.0740000000001
2014-07-09,265.521,0.0,265.521
2014-07-10,0.0,0.0,0.0
2014-07-11,2187.206,0.0,2187.206
2014-07-12,1960.012,0.0,1960.012
2014-07-13,351.216,0.0,351.216
2014-07-14,292.594,0.0,292.594
2014-07-15,9.51,0.0,9.51
2014-07-16,0.0,0.0,0.0
2014-07-17,0.0,0.0,0.0
2014-07-18,273.04,0.0,273.04
2014-07-19,461.326,0.0,461.326
2014-07-20,2285.786,0.0,2285.786
2014-07-21,1961.482,0.0,1961.482
2014-07-22,1348.344,0.0,1348.344
2014-07-23,2613.1839999999997,0.0,2613.1839999999997
2014-07-24,0.0,0.0,0.0
2014-07-25,8341.289999999999,0.0,8341.289999999999
2014-07-26,5039.994,0.0,5039.994
2014-07-27,580.06,0.0,580.06
2014-07-28,193.152,0.0,193.152
2014-07-29,0.0,0.0,0.0
2014-07-30,1367.84,0.0,1367.84
2014-07-31,0.0,0.0,0.0
2014-08-01,228.328,0.0,228.328
2014-08-02,886.28,0.0,886.28
2014-08-03,477.994,0.0,477.994
2014-08-04,2743.154,0.0,2743.154
2014-08-05,2408.7239999999997,0.0,2408.7239999999997
2014-08-06,262.89,0.0,262.89
2014-08-07,0.0,0.0,0.0
2014-08-08,3955.629,0.0,3955.629
2014-08-09,3605.6850000000004,0.0,3605.6850000000004
2014-08-10,0.0,0.0,0.0
2014-08-11,451.62,0.0,451.62
2014-08-12,1832.38,0.0,1832.38
2014-08-13,0.0,0.0,0.0
2014-08-14,0.0,0.0,0.0
2014-08-15,842.7819999999999,0.0,842.7819999999999
2014-08-16,853.092,0.0,853.092
2014-08-17,500.342,0.0,500.342
2014-08-18,0.0,0.0,0.0
2014-08-19,1439.106,0.0,1439.106
2014-08-20,1838.722,0.0,1838.722
2014-08-21,0.0,0.0,0.0
2014-08-22,23.104,0.0,23.104
2014-08-23,565.224,0.0,565.224
2014-08-24,59.74,0.0,59.74
2014-08-25,1451.6499999999999,0.0,1451.6499999999999
2014-08-26,366.81,0.0,366.81
2014-08-27,2070.13,0.0,2070.13
2014-08-28,0.0,0.0,0.0
2014-08-29,832.3225,0.0,832.3225
2014-08-30,121.24,0.0,121.24
2014-08-31,92.52,0.0,92.52
2014-09-01,469.436,0.0,469.436
2014-09-02,3254.15,0.0,3254.15
2014-09-03,22.08,0.0,22.08
2014-09-04,0.0,0.0,0.0
2014-09-05,296.304,0.0,296.304
2014-09-06,100.36,0.0,100.36
2014-09-07,3523.875,0.0,3523.875
2014-09-08,14228.428,0.0,14228.428
2014-09-09,4043.5879999999997,0.0,4043.5879999999997
2014-09-10,1855.2279999999998,0.0,1855.2279999999998
2014-09-11,127.95,0.0,127.95
2014-09-12,4904.66,0.0,4904.66
2014-09-13,1275.408,0.0,1275.408
2014-09-14,5023.716,0.0,5023.716
2014-09-15,133.436,0.0,133.436
2014-09-16,33.552,0.0,33.552
2014-09-17,820.523,0.0,820.523
2014-09-18,0.0,0.0,0.0
2014-09-19,9338.637,0.0,9338.637
2014-09-20,5335.968000000001,0.0,5335.968000000001
2014-09-21,2679.652,0.0,2679.652
2014-09-22,1240.266,0.0,1240.266
2014-09-23,10662.337000000001,0.0,10662.337000000001
2014-09-24,211.96,0.0,211.96
2014-09-25,354.88880000000006,0.0,354.88880000000006
2014-09-26,1480.614,0.0,1480.614
2014-09-27,773.4399999999999,0.0,773.4399999999999
2014-09-28,490.29200000000003,0.0,490.29200000000003
2014-09-29,8109.07,0.0,8109.07
2014-09-30,987.532,0.0,987.532
2014-10-01,4.71,0.0,4.71
2014-10-02,598.144,0.0,598.144
2014-10-03,862.683,0.0,862.683
2014-10-04,728.7479999999999,0.0,728.7479999999999
2014-10-05,191.9,0.0,191.9
2014-10-06,494.71,0.0,494.71
2014-10-07,237.35999999999999,0.0,237.35999999999999
2014-10-08,147.392,0.0,147.392
2014-10-09,249.35999999999999,0.0,249.35999999999999
2014-10-10,2049.386,0.0,2049.386
2014-10-11,1381.164,0.0,1381.164
2014-10-12,58.53,0.0,58.53
2014-10-13,2212.182,0.0,2212.182
2014-10-14,4525.484,0.0,4525.484
2014-10-15,206.72400000000002,0.0,206.72400000000002
2014-10-16,194.322,0.0,194.322
2014-10-17,136.068,0.0,136.068
2014-10-18,3134.916,0.0,3134.916
2014-10-19,641.104,0.0,641.104
2014-10-20,1501.104,0.0,1501.104
2014-10-21,1356.602,0.0,1356.602
2014-10-22,223.808,0.0,223.808
2014-10-23,0.0,0.0,0.0
2014-10-24,56.49,0.0,56.49
2014-10-25,103.882,0.0,103.882
2014-10-26,447.88,0.0,447.88
2014-10-27,22.32,0.0,22.32
2014-10-28,1510.5819999999999,0.0,1510.5819999999999
2014-10-29,2813.8120000000004,0.0,2813.8120000000004
2014-10-30,0.0,0.0,0.0
2014-10-31,5362.026,0.0,5362.026
2014-11-01,4732.08,0.0,4732.08
2014-11-02,2126.37,0.0,2126.37
2014-11-03,2784.163,0.0,2784.163
2014-11-04,6693.7480000000005,0.0,6693.7480000000005
2014-11-05,1694.564,0.0,1694.564
2014-11-06,43.68,0.0,43.68
2014-11-07,1449.142,0.0,1449.142
2014-11-08,333.576,0.0,333.576
2014-11-09,1574.094,0.0,1574.094
2014-11-10,2002.556,0.0,2002.556
2014-11-11,8114.548,0.0,8114.548
2014-11-12,1054.7612,0.0,1054.7612
2014-11-13,0.0,0.0,0.0
2014-11-14,1034.73,0.0,1034.73
2014-11-15,1780.822,0.0,1780.822
2014-11-16,1355.9285,0.0,1355.9285
2014-11-17,11544.274,0.0,11544.274
2014-11-18,3406.855,0.0,3406.855
2014-11-19,7226.086,0.0,7226.086
2014-11-20,907.5600000000001,0.0,907.5600000000001
2014-11-21,1249.622,0.0,1249.622
2014-11-22,1103.298,0.0,1103.298
2014-11-23,1363.28,0.0,1363.28
2014-11-24,5578.606,0.0,5578.606
2014-11-25,4415.695,0.0,4415.695
2014-11-26,1705.99,0.0,1705.99
2014-11-27,203.66,0.0,203.66
2014-11-28,2280.83,0.0,2280.83
2014-11-29,649.044,0.0,649.044
2014-11-30,219.154,0.0,219.154
2014-12-01,5624.39,0.0,5624.39
2014-12-02,1771.808,0.0,1771.808
2014-12-03,505.88,0.0,505.88
2014-12-04,129.98,0.0,129.98
2014-12-05,2963.642,0.0,2963.642
2014-12-06,1970.978,0.0,1970.978
2014-12-07,548.4,0.0,548.4
2014-12-08,1095.12,0.0,1095.12
2014-12-09,1522.652,0.0,1522.652
2014-12-10,573.336,0.0,573.336
2014-12-11,0.0,0.0,0.0
2014-12-12,4938.4045,0.0,4938.4045
2014-12-13,293.152,0.0,293.152
2014-12-14,7641.658,0.0,7641.658
2014-12-15,1264.466,0.0,1264.466
2014-12-16,4394.187,0.0,4394.187
2014-12-17,45.534,0.0,45.534
2014-12-18,0.0,0.0,0.0
2014-12-19,3436.7599999999998,0.0,3436.7599999999998
2014-12-20,6962.4400000000005,0.0,6962.4400000000005
2014-12-21,1933.44,0.0,1933.44
2014-12-22,798.968,0.0,798.968
2014-12-23,942.108,0.0,942.108
2014-12-24,1950.202,0.0,1950.202
2014-12-25,0.0,0.0,0.0
2014-12-26,2041.414,0.0,2041.414
2014-12-27,2966.388,0.0,2966.388
2014-12-28,3732.2960000000003,0.0,3732.2960000000003
2014-12-29,2072.096,0.0,2072.096
2014-12-30,2172.6510000000003,0.0,2172.6510000000003
2014-12-31,5253.2699999999995,0.0,5253.2699999999995
2015-01-01,0.0,0.0,0.0
2015-01-02,1932.096,0.0,1932.096
2015-01-03,1768.2215999999999,0.0,1768.2215999999999
2015-01-04,264.46000000000004,0.0,264.46000000000004
2015-01-05,295.272,0.0,295.272
2015-01-06,31.538,0.0,31.538
2015-01-07,0.0,0.0,0.0
2015-01-08,0.0,0.0,0.0
2015-01-09,364.07,0.0,364.07
2015-01-10,1018.104,0.0,1018.104
2015-01-11,0.0,0.0,0.0
2015-01-12,854.614,0.0,854.614
2015-01-13,622.278,0.0,622.278
2015-01-14,0.0,0.0,0.0
2015-01-15,0.0,0.0,0.0
2015-01-16,0.0,0.0,0.0
2015-01-17,350.384,0.0,350.384
2015-01-18,0.0,0.0,0.0
2015-01-19,301.742,0.0,301.742
2015-01-20,0.0,0.0,0.0
2015-01-21,0.0,0.0,0.0
2015-01-22,0.0,0.0,0.0
2015-01-23,43.66,0.0,43.66
2015-01-24,13.12,0.0,13.12
2015-01-25,0.0,0.0,0.0
2015-01-26,182.72,0.0,182.72
2015-01-27,3573.252,0.0,3573.252
2015-01-28,4297.644,0.0,4297.644
2015-01-29,0.0,0.0,0.0
2015-01-30,2161.6400000000003,0.0,2161.6400000000003
2015-01-31,99.26,0.0,99.26
2015-02-01,0.0,0.0,0.0
2015-02-02,0.0,0.0,0.0
2015-02-03,492.836,0.0,492.836
2015-02-04,0.0,0.0,0.0
2015-02-05,0.0,0.0,0.0
2015-02-06,2432.544,0.0,2432.544
2015-02-07,324.10999999999996,0.0,324.10999999999996
2015-02-08,129.09199999999998,0.0,129.09199999999998
2015-02-09,785.5519999999999,0.0,785.5519999999999
2015-02-10,77.24,0.0,77.24
2015-02-11,0.0,0.0,0.0
2015-02-12,0.0,0.0,0.0
2015-02-13,0.0,0.0,0.0
2015-02-14,1079.962,0.0,1079.962
2015-02-15,1602.38,0.0,1602.38
2015-02-16,160.43,0.0,160.43
2015-02-17,0.0,0.0,0.0
2015-02-18,105.844,0.0,105.844
2015-02-19,0.0,0.0,0.0
2015-02-20,316.78000000000003,0.0,316.78000000000003
2015-02-21,2591.1,0.0,2591.1
2015-02-22,79.36,0.0,79.36
2015-02-23,37.775999999999996,0.0,37.775999999999996
2015-02-24,0.0,0.0,0.0
2015-02-25,25.869999999999997,0.0,25.869999999999997
2015-02-26,0.0,0.0,0.0
2015-02-27,1159.2710000000002,0.0,1159.2710000000002
2015-02-28,551.264,0.0,551.264
2015-03-01,1642.1743999999999,0.0,1642.1743999999999
2015-03-02,899.5699999999999,0.0,899.5699999999999
2015-03-03,0.0,0.0,0.0
2015-03-04,0.0,0.0,0.0
2015-03-05,1969.267,0.0,1969.267
2015-03-06,1555.244,0.0,1555.244
2015-03-07,807.54,0.0,807.54
2015-03-08,2563.2960000000003,0.0,2563.2960000000003
2015-03-09,478.008,0.0,478.008
2015-03-10,90.93199999999999,0.0,90.93199999999999
2015-03-11,0.0,0.0,0.0
2015-03-12,51.016000000000005,0.0,51.016000000000005
2015-03-13,1384.856,0.0,1384.856
2015-03-14,707.9000000000001,0.0,707.9000000000001
2015-03-15,16.776,0.0,16.776
2015-03-16,7230.209999999999,0.0,7230.209999999999
2015-03-17,48.84,0.0,48.84
2015-03-18,0.0,0.0,0.0
2015-03-19,5652.9396,0.0,5652.9396
2015-03-20,1548.194,0.0,1548.194
2015-03-21,1270.3790000000001,0.0,1270.3790000000001
2015-03-22,2481.424,0.0,2481.424
2015-03-23,633.302,0.0,633.302
2015-03-24,412.95,0.0,412.95
2015-03-25,0.0,0.0,0.0
2015-03-26,4623.37,0.0,4623.37
2015-03-27,83.7,0.0,83.7
2015-03-28,243.344,0.0,243.344
2015-03-29,1559.0800000000002,0.0,1559.0800000000002
2015-03-30,571.224,0.0,571.224
2015-03-31,200.716,0.0,200.716
2015-04-01,0.0,0.0,0.0
2015-04-02,299.22,0.0,299.22
2015-04-03,0.0,0.0,0.0
2015-04-04,1484.598,0.0,1484.598
2015-04-05,2974.058,0.0,2974.058
2015-04-06,140.004,0.0,140.004
2015-04-07,907.436,0.0,907.436
2015-04-08,0.0,0.0,0.0
2015-04-09,757.992,0.0,757.992
2015-04-10,169.54199999999997,0.0,169.54199999999997
2015-04-11,1328.346,0.0,1328.346
2015-04-12,40.74,0.0,40.74
2015-04-13,3192.6780000000003,0.0,3192.6780000000003
2015-04-14,35.208,0.0,35.208
2015-04-15,0.0,0.0,0.0
2015-04-16,4161.972,0.0,4161.972
2015-04-17,2745.106,0.0,2745.106
2015-04-18,2006.96,0.0,2006.96
2015-04-19,329.96,0.0,329.96
2015-04-20,1194.726,0.0,1194.726
2015-04-21,893.0899999999999,0.0,893.0899999999999
2015-04-22,152.916,0.0,152.916
2015-04-23,0.0,0.0,0.0
2015-04-24,25.99,0.0,25.99
2015-04-25,920.946,0.0,920.946
2015-04-26,2090.1055,0.0,2090.1055
2015-04-27,2719.59,0.0,2719.59
2015-04-28,4044.3619999999996,0.0,4044.3619999999996
2015-04-29,7.968,0.0,7.968
2015-04-30,1571.695,0.0,1571.695
2015-05-01,450.94,0.0,450.94
2015-05-02,167.232,0.0,167.232
2015-05-03,2198.76,0.0,2198.76
2015-05-04,1121.362,0.0,1121.362
2015-05-05,0.0,0.0,0.0
2015-05-06,0.0,0.0,0.0
2015-05-07,305.622,0.0,305.622
2015-05-08,3981.968,0.0,3981.968
2015-05-09,48.81,0.0,48.81
2015-05-10,154.442,0.0,154.442
2015-05-11,191.968,0.0,191.968
2015-05-12,1060.35,0.0,1060.35
2015-05-13,238.384,0.0,238.384
2015-05-14,3141.1994999999997,0.0,3141.1994999999997
2015-05-15,69.908,0.0,69.908
2015-05-16,255.968,0.0,255.968
2015-05-17,134.46800000000002,0.0,134.46800000000002
2015-05-18,10.86,0.0,10.86
2015-05-19,0.0,0.0,0.0
2015-05-20,169.54399999999998,0.0,169.54399999999998
2015-05-21,72.332,0.0,72.332
2015-05-22,3862.0980000000004,0.0,3862.0980000000004
2015-05-23,1304.956,0.0,1304.956
2015-05-24,610.3069999999999,0.0,610.3069999999999
2015-05-25,1739.4180000000001,0.0,1739.4180000000001
2015-05-26,982.5640000000001,0.0,982.5640000000001
2015-05-27,0.0,0.0,0.0
2015-05-28,794.146,0.0,794.146
2015-05-29,1204.842,0.0,1204.842
2015-05-30,681.1,0.0,681.1
2015-05-31,5178.138,0.0,5178.138
2015-06-01,834.1980000000001,0.0,834.1980000000001
2015-06-02,0.0,0.0,0.0
2015-06-03,0.0,0.0,0.0
2015-06-04,1192.31,0.0,1192.31
2015-06-05,1533.1979999999999,0.0,1533.1979999999999
2015-06-06,0.0,0.0,0.0
2015-06-07,59.768,0.0,59.768
2015-06-08,1083.112,0.0,1083.112
2015-06-09,797.116,0.0,797.116
2015-06-10,0.0,0.0,0.0
2015-06-11,3373.5640000000003,0.0,3373.5640000000003
2015-06-12,174.476,0.0,174.476
2015-06-13,1128.898,0.0,1128.898
2015-06-14,51.072,0.0,51.072
2015-06-15,734.144,0.0,734.144
2015-06-16,3443.904,0.0,3443.904
2015-06-17,0.0,0.0,0.0
2015-06-18,1883.087,0.0,1883.087
2015-06-19,446.346,0.0,446.346
2015-06-20,829.544,0.0,829.544
2015-06-21,107.976,0.0,107.976
2015-06-22,2018.953,0.0,2018.953
2015-06-23,836.9580000000001,0.0,836.9580000000001
2015-06-24,0.0,0.0,0.0
2015-06-25,857.08,0.0,857.08
2015-06-26,1592.1960000000001,0.0,1592.1960000000001
2015-06-27,0.0,0.0,0.0
2015-06-28,1386.466,0.0,1386.466
2015-06-29,432.92600000000004,0.0,432.92600000000004
2015-06-30,0.0,0.0,0.0
2015-07-01,0.0,0.0,0.0
2015-07-02,1631.902,0.0,1631.902
2015-07-03,823.982,0.0,823.982
2015-07-04,1138.288,0.0,1138.288
2015-07-05,121.646,0.0,121.646
2015-07-06,1379.812,0.0,1379.812
2015-07-07,0.0,0.0,0.0
2015-07-08,21.12,0.0,21.12
2015-07-09,1587.114,0.0,1587.114
2015-07-10,43.286,0.0,43.286
2015-07-11,1941.952,0.0,1941.952
2015-07-12,2052.567,0.0,2052.567
2015-07-13,2033.2559999999999,0.0,2033.2559999999999
2015-07-14,860.9159999999999,0.0,860.9159999999999
2015-07-15,0.0,0.0,0.0
2015-07-16,3029.386,0.0,3029.386
2015-07-17,448.082,0.0,448.082
2015-07-18,672.418,0.0,672.418
2015-07-19,2.025,0.0,2.025
2015-07-20,2693.168,0.0,2693.168
2015-07-21,0.0,0.0,0.0
2015-07-22,0.0,0.0,0.0
2015-07-23,208.272,0.0,208.272
2015-07-24,525.95,0.0,525.95
2015-07-25,2395.024,0.0,2395.024
2015-07-26,969.225,0.0,969.225
2015-07-27,29.97,0.0,29.97
2015-07-28,0.0,0.0,0.0
2015-07-29,0.0,0.0,0.0
2015-07-30,443.802,0.0,443.802
2015-07-31,3712.162,0.0,3712.162
2015-08-01,1011.696,0.0,1011.696
2015-08-02,1290.478,0.0,1290.478
2015-08-03,0.0,0.0,0.0
2015-08-04,0.0,0.0,0.0
2015-08-05,72.65,0.0,72.65
2015-08-06,494.86920000000003,0.0,494.86920000000003
2015-08-07,968.206,0.0,968.206
2015-08-08,840.102,0.0,840.102
2015-08-09,4878.392000000001,0.0,4878.392000000001
2015-08-10,851.4739999999999,0.0,851.4739999999999
2015-08-11,196.112,0.0,196.112
2015-08-12,0.0,0.0,0.0
2015-08-13,586.896,0.0,586.896
2015-08-14,0.0,0.0,0.0
2015-08-15,497.59000000000003,0.0,497.59000000000003
2015-08-16,3378.9320000000002,0.0,3378.9320000000002
2015-08-17,381.64,0.0,381.64
2015-08-18,0.0,0.0,0.0
2015-08-19,0.0,0.0,0.0
2015-08-20,0.0,0.0,0.0
2015-08-21,2827.52,0.0,2827.52
2015-08-22,66.632,0.0,66.632
2015-08-23,1202.278,0.0,1202.278
2015-08-24,7194.775000000001,0.0,7194.775000000001
2015-08-25,178.52599999999998,0.0,178.52599999999998
2015-08-26,0.0,0.0,0.0
2015-08-27,639.9739999999999,0.0,639.9739999999999
2015-08-28,6491.293,0.0,6491.293
2015-08-29,246.5,0.0,246.5
2015-08-30,0.0,0.0,0.0
2015-08-31,2601.797,0.0,2601.797
2015-09-01,2367.564,0.0,2367.564
2015-09-02,0.0,0.0,0.0
2015-09-03,1874.898,0.0,1874.898
2015-09-04,1071.284,0.0,1071.284
2015-09-05,934.1030000000001,0.0,934.1030000000001
2015-09-06,1005.654,0.0,1005.654
2015-09-07,2922.667,0.0,2922.667
2015-09-08,89.64,0.0,89.64
2015-09-09,0.0,0.0,0.0
2015-09-10,1415.726,0.0,1415.726
2015-09-11,1962.13,0.0,1962.13
2015-09-12,707.824,0.0,707.824
2015-09-13,3445.772,0.0,3445.772
2015-09-14,3262.42,0.0,3262.42
2015-09-15,2535.85,0.0,2535.85
2015-09-16,31.12,0.0,31.12
2015-09-17,11525.006,0.0,11525.006
2015-09-18,3924.32,0.0,3924.32
2015-09-19,500.38,0.0,500.38
2015-09-20,1836.052,0.0,1836.052
2015-09-21,6982.058,0.0,6982.058
2015-09-22,1783.504,0.0,1783.504
2015-09-23,0.0,0.0,0.0
2015-09-24,4220.594,0.0,4220.594
2015-09-25,3033.757,0.0,3033.757
2015-09-26,3722.273,0.0,3722.273
2015-09-27,2382.958,0.0,2382.958
2015-09-28,1058.364,0.0,1058.364
2015-09-29,0.0,0.0,0.0
2015-09-30,0.0,0.0,0.0
2015-10-01,1158.414,0.0,1158.414
2015-10-02,1269.266,0.0,1269.266
2015-10-03,275.218,0.0,275.218
2015-10-04,505.58,0.0,505.58
2015-10-05,851.092,0.0,851.092
2015-10-06,0.0,0.0,0.0
2015-10-07,0.0,0.0,0.0
2015-10-08,222.12,0.0,222.12
2015-10-09,2133.5350000000003,0.0,2133.5350000000003
2015-10-10,2248.194,0.0,2248.194
2015-10-11,1011.8955,0.0,1011.8955
2015-10-12,2390.758,0.0,2390.758
2015-10-13,371.65999999999997,0.0,371.65999999999997
2015-10-14,0.0,0.0,0.0
2015-10-15,3219.554,0.0,3219.554
2015-10-16,824.97,0.0,824.97
2015-10-17,77.88,0.0,77.88
2015-10-18,378.494,0.0,378.494
2015-10-19,2135.09,0.0,2135.09
2015-10-20,720.086,0.0,720.086
2015-10-21,0.0,0.0,0.0
2015-10-22,15.128,0.0,15.128
2015-10-23,2262.296,0.0,2262.296
2015-10-24,831.145,0.0,831.145
2015-10-25,1425.412,0.0,1425.412
2015-10-26,1395.333,0.0,1395.333
2015-10-27,0.0,0.0,0.0
2015-10-28,104.51,0.0,104.51
2015-10-29,244.24,0.0,244.24
2015-10-30,2122.044,0.0,2122.044
2015-10-31,3211.009,0.0,3211.009
2015-11-01,3106.1059999999998,0.0,3106.1059999999998
2015-11-02,5528.551,0.0,5528.551
2015-11-03,2800.846,0.0,2800.846
2015-11-04,0.0,0.0,0.0
2015-11-05,834.874,0.0,834.874
2015-11-06,11.481,0.0,11.481
2015-11-07,3073.073,0.0,3073.073
2015-11-08,12196.997,0.0,12196.997
2015-11-09,4620.2919999999995,0.0,4620.2919999999995
2015-11-10,3536.904,0.0,3536.904
2015-11-11,542.178,0.0,542.178
2015-11-12,1127.992,0.0,1127.992
2015-11-13,3591.0771999999997,0.0,3591.0771999999997
2015-11-14,2512.71,0.0,2512.71
2015-11-15,702.17,0.0,702.17
2015-11-16,4072.334,0.0,4072.334
2015-11-17,3885.986,0.0,3885.986
2015-11-18,0.0,0.0,0.0
2015-11-19,1040.784,0.0,1040.784
2015-11-20,2861.15,0.0,2861.15
2015-11-21,3613.5748,0.0,3613.5748
2015-11-22,614.499,0.0,614.499
2015-11-23,3450.1879999999996,0.0,3450.1879999999996
2015-11-24,1218.7640000000001,0.0,1218.7640000000001
2015-11-25,13.12,0.0,13.12
2015-11-26,1484.0819999999999,0.0,1484.0819999999999
2015-11-27,3109.7835,0.0,3109.7835
2015-11-28,1864.482,0.0,1864.482
2015-11-29,2760.168,0.0,2760.168
2015-11-30,1798.3970000000002,0.0,1798.3970000000002
2015-12-01,7130.594,0.0,7130.594
2015-12-02,0.0,0.0,0.0
2015-12-03,1972.645,0.0,1972.645
2015-12-04,5185.814,0.0,5185.814
2015-12-05,897.322,0.0,897.322
2015-12-06,6061.502,0.0,6061.502
2015-12-07,1338.298,0.0,1338.298
2015-12-08,2672.728,0.0,2672.728
2015-12-09,34.02,0.0,34.02
2015-12-10,3080.38,0.0,3080.38
2015-12-11,1590.894,0.0,1590.894
2015-12-12,1448.854,0.0,1448.854
2015-12-13,1023.386,0.0,1023.386
2015-12-14,858.304,0.0,858.304
2015-12-15,5494.796,0.0,5494.796
2015-12-16,4.98,0.0,4.98
2015-12-17,1918.492,0.0,1918.492
2015-12-18,935.288,0.0,935.288
2015-12-19,6120.656,0.0,6120.656
2015-12-20,1107.464,0.0,1107.464
2015-12-21,3257.7599999999998,0.0,3257.7599999999998
2015-12-22,473.313,0.0,473.313
2015-12-23,194.32,0.0,194.32
2015-12-24,7484.566000000001,0.0,7484.566000000001
2015-12-25,4204.968,0.0,4204.968
2015-12-26,561.486,0.0,561.486
2015-12-27,5148.4472,0.0,5148.4472
2015-12-28,79.2,0.0,79.2
2015-12-29,6.36,0.0,6.36
2015-12-30,3251.34,0.0,3251.34
2015-12-31,1381.344,0.0,1381.344
2016-01-01,0.0,0.0,0.0
2016-01-02,405.91999999999996,0.0,405.91999999999996
2016-01-03,2095.83,0.0,2095.83
2016-01-04,1069.22,0.0,1069.22
2016-01-05,255.904,0.0,255.904
2016-01-06,0.0,0.0,0.0
2016-01-07,83.576,0.0,83.576
2016-01-08,1859.1580000000001,0.0,1859.1580000000001
2016-01-09,743.0459999999999,0.0,743.0459999999999
2016-01-10,174.75,0.0,174.75
2016-01-11,149.444,0.0,149.444
2016-01-12,0.0,0.0,0.0
2016-01-13,0.0,0.0,0.0
2016-01-14,405.344,0.0,405.344
2016-01-15,701.923,0.0,701.923
2016-01-16,102.21799999999999,0.0,102.21799999999999
2016-01-17,1040.55,0.0,1040.55
2016-01-18,0.0,0.0,0.0
2016-01-19,0.0,0.0,0.0
2016-01-20,0.0,0.0,0.0
2016-01-21,1167.056,0.0,1167.056
2016-01-22,917.63,0.0,917.63
2016-01-23,1732.3,0.0,1732.3
2016-01-24,31.36,0.0,31.36
2016-01-25,858.712,0.0,858.712
2016-01-26,0.0,0.0,0.0
2016-01-27,0.0,0.0,0.0
2016-01-28,39.68,0.0,39.68
2016-01-29,0.0,0.0,0.0
2016-01-30,3107.316,0.0,3107.316
2016-01-31,1601.5539999999999,0.0,1601.5539999999999
2016-02-01,161.97,0.0,161.97
2016-02-02,8996.784,0.0,8996.784
2016-02-03,866.4,0.0,866.4
2016-02-04,197.868,0.0,197.868
2016-02-05,2994.476,0.0,2994.476
2016-02-06,132.224,0.0,132.224
2016-02-07,762.142,0.0,762.142
2016-02-08,1369.476,0.0,1369.476
2016-02-09,121.83,0.0,121.83
2016-02-10,0.0,0.0,0.0
2016-02-11,69.93,0.0,69.93
2016-02-12,1366.04,0.0,1366.04
2016-02-13,146.82,0.0,146.82
2016-02-14,837.921,0.0,837.921
2016-02-15,407.072,0.0,407.072
2016-02-16,1135.638,0.0,1135.638
2016-02-17,0.0,0.0,0.0
2016-02-18,0.0,0.0,0.0
2016-02-19,392.65999999999997,0.0,392.65999999999997
2016-02-20,16.496,0.0,16.496
2016-02-21,1524.126,0.0,1524.126
2016-02-22,983.17,0.0,983.17
2016-02-23,57.576,0.0,57.576
2016-02-24,0.0,0.0,0.0
2016-02-25,46.72,0.0,46.72
2016-02-26,0.0,0.0,0.0
2016-02-27,243.892,0.0,243.892
2016-02-28,36.48,0.0,36.48
2016-02-29,111.104,0.0,111.104
2016-03-01,6285.8060000000005,0.0,6285.8060000000005
2016-03-02,0.0,0.0,0.0
2016-03-03,7264.422,0.0,7264.422
2016-03-04,315.45,0.0,315.45
2016-03-05,162.344,0.0,162.344
2016-03-06,811.303,0.0,811.303
2016-03-07,21.072,0.0,21.072
2016-03-08,2190.81,0.0,2190.81
2016-03-09,635.6,0.0,635.6
2016-03-10,7879.734,0.0,7879.734
2016-03-11,896.0219999999999,0.0,896.0219999999999
2016-03-12,1694.6419999999998,0.0,1694.6419999999998
2016-03-13,8866.882,0.0,8866.882
2016-03-14,669.3679999999999,0.0,669.3679999999999
2016-03-15,2356.808,0.0,2356.808
2016-03-16,0.0,0.0,0.0
2016-03-17,2360.3340000000003,0.0,2360.3340000000003
2016-03-18,1061.682,0.0,1061.682
2016-03-19,138.68,0.0,138.68
2016-03-20,928.311,0.0,928.311
2016-03-21,645.7059999999999,0.0,645.7059999999999
2016-03-22,226.46800000000002,0.0,226.46800000000002
2016-03-23,0.0,0.0,0.0
2016-03-24,745.774,0.0,745.774
2016-03-25,1346.97,0.0,1346.97
2016-03-26,682.246,0.0,682.246
2016-03-27,92.69999999999999,0.0,92.69999999999999
2016-03-28,125.30000000000001,0.0,125.30000000000001
2016-03-29,2659.339,0.0,2659.339
2016-03-30,11.34,0.0,11.34
2016-03-31,640.762,0.0,640.762
2016-04-01,2161.48,0.0,2161.48
2016-04-02,1454.9,0.0,1454.9
2016-04-03,441.198,0.0,441.198
2016-04-04,970.194,0.0,970.194
2016-04-05,1046.3339999999998,0.0,1046.3339999999998
2016-04-06,1294.75,0.0,1294.75
2016-04-07,1970.574,0.0,1970.574
2016-04-08,2906.404,0.0,2906.404
2016-04-09,1115.197,0.0,1115.197
2016-04-10,950.594,0.0,950.594
2016-04-11,0.0,0.0,0.0
2016-04-12,1542.53,0.0,1542.53
2016-04-13,6.12,0.0,6.12
2016-04-14,1466.572,0.0,1466.572
2016-04-15,2201.8559999999998,0.0,2201.8559999999998
2016-04-16,9335.086000000001,0.0,9335.086000000001
2016-04-17,421.08500000000004,0.0,421.08500000000004
2016-04-18,2514.538,0.0,2514.538
2016-04-19,1414.132,0.0,1414.132
2016-04-20,0.0,0.0,0.0
2016-04-21,271.616,0.0,271.616
2016-04-22,1765.4650000000001,0.0,1765.4650000000001
2016-04-23,720.368,0.0,720.368
2016-04-24,1607.1,0.0,1607.1
2016-04-25,108.42,0.0,108.42
2016-04-26,434.646,0.0,434.646
2016-04-27,0.0,0.0,0.0
2016-04-28,486.672,0.0,486.672
2016-04-29,0.0,0.0,0.0
2016-04-30,142.208,0.0,142.208
2016-05-01,517.866,0.0,517.866
2016-05-02,1098.136,0.0,1098.136
2016-05-03,1099.013,0.0,1099.013
2016-05-04,0.0,0.0,0.0
2016-05-05,2701.28,0.0,2701.28
2016-05-06,236.96,0.0,236.96
2016-05-07,4835.976,0.0,4835.976
2016-05-08,1340.2440000000001,0.0,1340.2440000000001
2016-05-09,1283.512,0.0,1283.512
2016-05-10,763.0200000000001,0.0,763.0200000000001
2016-05-11,5.98,0.0,5.98
2016-05-12,918.878,0.0,918.878
2016-05-13,0.0,0.0,0.0
2016-05-14,455.93,0.0,455.93
2016-05-15,648.9119999999999,0.0,648.9119999999999
2016-05-16,880.4599999999999,0.0,880.4599999999999
2016-05-17,346.922,0.0,346.922
2016-05-18,122.22,0.0,122.22
2016-05-19,1582.008,0.0,1582.008
2016-05-20,2471.913,0.0,2471.913
2016-05-21,2718.2140000000004,0.0,2718.2140000000004
2016-05-22,1799.2,0.0,1799.2
2016-05-23,10560.978000000001,0.0,10560.978000000001
2016-05-24,277.756,0.0,277.756
2016-05-25,1311.97,0.0,1311.97
2016-05-26,1975.356,0.0,1975.356
2016-05-27,5305.078,0.0,5305.078
2016-05-28,2137.324,0.0,2137.324
2016-05-29,1063.185,0.0,1063.185
2016-05-30,8090.578,0.0,8090.578
2016-05-31,438.85900000000004,0.0,438.85900000000004
2016-06-01,0.0,0.0,0.0
2016-06-02,157.844,0.0,157.844
2016-06-03,71.088,0.0,71.088
2016-06-04,2316.5229999999997,0.0,2316.5229999999997
2016-06-05,659.82,0.0,659.82
2016-06-06,6026.312,0.0,6026.312
2016-06-07,51.562,0.0,51.562
2016-06-08,0.0,0.0,0.0
2016-06-09,1688.4720000000002,0.0,1688.4720000000002
2016-06-10,1412.3960000000002,0.0,1412.3960000000002
2016-06-11,1623.416,0.0,1623.416
2016-06-12,2962.563,0.0,2962.563
2016-06-13,430.43800000000005,0.0,430.43800000000005
2016-06-14,3457.099,0.0,3457.099
2016-06-15,173.488,0.0,173.488
2016-06-16,147.27499999999998,0.0,147.27499999999998
2016-06-17,3000.92,0.0,3000.92
2016-06-18,541.938,0.0,541.938
2016-06-19,17.12,0.0,17.12
2016-06-20,1229.548,0.0,1229.548
2016-06-21,577.108,0.0,577.108
2016-06-22,0.0,0.0,0.0
2016-06-23,2475.094,0.0,2475.094
2016-06-24,5310.952,0.0,5310.952
2016-06-25,893.266,0.0,893.266
2016-06-26,1919.6000000000001,0.0,1919.6000000000001
2016-06-27,778.7059999999999,0.0,778.7059999999999
2016-06-28,877.156,0.0,877.156
2016-06-29,191.88,0.0,191.88
2016-06-30,1352.9499999999998,0.0,1352.9499999999998
2016-07-01,1724.376,0.0,1724.376
2016-07-02,772.786,0.0,772.786
2016-07-03,847.6999999999999,0.0,847.6999999999999
2016-07-04,1651.301,0.0,1651.301
2016-07-05,0.0,0.0,0.0
2016-07-06,0.0,0.0,0.0
2016-07-07,3882.2309999999998,0.0,3882.2309999999998
2016-07-08,2616.512,0.0,2616.512
2016-07-09,573.286,0.0,573.286
2016-07-10,895.895,0.0,895.895
2016-07-11,0.0,0.0,0.0
2016-07-12,95.76,0.0,95.76
2016-07-13,0.0,0.0,0.0
2016-07-14,2149.96,0.0,2149.96
2016-07-15,380.2,0.0,380.2
2016-07-16,910.17,0.0,910.17
2016-07-17,2184.88,0.0,2184.88
2016-07-18,2891.858,0.0,2891.858
2016-07-19,1536.454,0.0,1536.454
2016-07-20,89.95,0.0,89.95
2016-07-21,991.095,0.0,991.095
2016-07-22,1368.048,0.0,1368.048
2016-07-23,654.587,0.0,654.587
2016-07-24,326.964,0.0,326.964
2016-07-25,5920.488,0.0,5920.488
2016-07-26,0.0,0.0,0.0
2016-07-27,0.0,0.0,0.0
2016-07-28,2033.374,0.0,2033.374
2016-07-29,819.154,0.0,819.154
2016-07-30,1770.7759999999998,0.0,1770.7759999999998
2016-07-31,2174.1580000000004,0.0,2174.1580000000004
2016-08-01,1124.648,0.0,1124.648
2016-08-02,482.584,0.0,482.584
2016-08-03,248.82,0.0,248.82
2016-08-04,497.90999999999997,0.0,497.90999999999997
2016-08-05,197.05,0.0,197.05
2016-08-06,320.38800000000003,0.0,320.38800000000003
2016-08-07,179.97,0.0,179.97
2016-08-08,1115.204,0.0,1115.204
2016-08-09,661.3539999999999,0.0,661.3539999999999
2016-08-10,0.0,0.0,0.0
2016-08-11,151.82,0.0,151.82
2016-08-12,3951.9605,0.0,3951.9605
2016-08-13,731.524,0.0,731.524
2016-08-14,923.688,0.0,923.688
2016-08-15,1680.2659999999998,0.0,1680.2659999999998
2016-08-16,204.54000000000002,0.0,204.54000000000002
2016-08-17,15.712,0.0,15.712
2016-08-18,496.114,0.0,496.114
2016-08-19,448.792,0.0,448.792
2016-08-20,14.78,0.0,14.78
2016-08-21,4798.2919999999995,0.0,4798.2919999999995
2016-08-22,405.35,0.0,405.35
2016-08-23,4187.348,0.0,4187.348
2016-08-24,0.0,0.0,0.0
2016-08-25,0.0,0.0,0.0
2016-08-26,4874.298,0.0,4874.298
2016-08-27,767.9110000000001,0.0,767.9110000000001
2016-08-28,322.0248,0.0,322.0248
2016-08-29,632.188,0.0,632.188
2016-08-30,1656.8700000000001,0.0,1656.8700000000001
2016-08-31,23.968,0.0,23.968
2016-09-01,5766.152,0.0,5766.152
2016-09-02,6792.193,0.0,6792.193
2016-09-03,2365.596,0.0,2365.596
2016-09-04,4532.0419999999995,0.0,4532.0419999999995
2016-09-05,5226.348,0.0,5226.348
2016-09-06,1313.536,0.0,1313.536
2016-09-07,0.0,0.0,0.0
2016-09-08,4493.9836000000005,0.0,4493.9836000000005
2016-09-09,84.992,0.0,84.992
2016-09-10,2094.324,0.0,2094.324
2016-09-11,6501.586,0.0,6501.586
2016-09-12,2043.792,0.0,2043.792
2016-09-13,2374.73,0.0,2374.73
2016-09-14,1137.338,0.0,1137.338
2016-09-15,2101.1820000000002,0.0,2101.1820000000002
2016-09-16,425.88599999999997,0.0,425.88599999999997
2016-09-17,2043.126,0.0,2043.126
2016-09-18,4751.082,0.0,4751.082
2016-09-19,3839.312,0.0,3839.312
2016-09-20,1232.004,0.0,1232.004
2016-09-21,0.0,0.0,0.0
2016-09-22,615.57,0.0,615.57
2016-09-23,1322.145,0.0,1322.145
2016-09-24,2286.05,0.0,2286.05
2016-09-25,3443.091,0.0,3443.091
2016-09-26,2698.1665,0.0,2698.1665
2016-09-27,1992.9858,0.0,1992.9858
2016-09-28,99.136,0.0,99.136
2016-09-29,1307.792,0.0,1307.792
2016-09-30,525.884,0.0,525.884
2016-10-01,781.414,0.0,781.414
2016-10-02,18452.972,0.0,18452.972
2016-10-03,1680.696,0.0,1680.696
2016-10-04,5912.782,0.0,5912.782
2016-10-05,0.0,0.0,0.0
2016-10-06,830.4000000000001,0.0,830.4000000000001
2016-10-07,973.712,0.0,973.712
2016-10-08,561.5360000000001,0.0,561.5360000000001
2016-10-09,546.92,0.0,546.92
2016-10-10,282.75300000000004,0.0,282.75300000000004
2016-10-11,33.064,0.0,33.064
2016-10-12,0.0,0.0,0.0
2016-10-13,1650.618,0.0,1650.618
2016-10-14,3335.888,0.0,3335.888
2016-10-15,1620.15,0.0,1620.15
2016-10-16,142.182,0.0,142.182
2016-10-17,2953.346,0.0,2953.346
2016-10-18,307.92,0.0,307.92
2016-10-19,0.0,0.0,0.0
2016-10-20,946.174,0.0,946.174
2016-10-21,7951.592,0.0,7951.592
2016-10-22,188.28,0.0,188.28
2016-10-23,467.42199999999997,0.0,467.42199999999997
2016-10-24,1365.498,0.0,1365.498
2016-10-25,783.96,0.0,783.96
2016-10-26,0.0,0.0,0.0
2016-10-27,978.7900000000001,0.0,978.7900000000001
2016-10-28,2899.0209999999997,0.0,2899.0209999999997
2016-10-29,131.154,0.0,131.154
2016-10-30,159.002,0.0,159.002
2016-10-31,3750.4990000000003,0.0,3750.4990000000003
2016-11-01,453.374,0.0,453.374
2016-11-02,0.0,0.0,0.0
2016-11-03,3802.7960000000003,0.0,3802.7960000000003
2016-11-04,3888.8179999999998,0.0,3888.8179999999998
2016-11-05,4266.8988,0.0,4266.8988
2016-11-06,773.2560000000001,0.0,773.2560000000001
2016-11-07,3810.464,0.0,3810.464
2016-11-08,993.9000000000001,0.0,993.9000000000001
2016-11-09,479.97,0.0,479.97
2016-11-10,4723.478,0.0,4723.478
2016-11-11,4944.296,0.0,4944.296
2016-11-12,4914.938,0.0,4914.938
2016-11-13,2945.138,0.0,2945.138
2016-11-14,2774.0620000000004,0.0,2774.0620000000004
2016-11-15,2145.718,0.0,2145.718
2016-11-16,36.72,0.0,36.72
2016-11-17,142.684,0.0,142.684
2016-11-18,3958.9320000000002,0.0,3958.9320000000002
2016-11-19,638.462,0.0,638.462
2016-11-20,3070.333,0.0,3070.333
2016-11-21,1176.891,0.0,1176.891
2016-11-22,317.044,0.0,317.044
2016-11-23,100.61599999999999,0.0,100.61599999999999
2016-11-24,6394.5380000000005,0.0,6394.5380000000005
2016-11-25,7978.551,0.0,7978.551
2016-11-26,8329.743,0.0,8329.743
2016-11-27,1651.239,0.0,1651.239
2016-11-28,3428.372,0.0,3428.372
2016-11-29,300.592,0.0,300.592
2016-11-30,970.142,0.0,970.142
2016-12-01,7365.455,0.0,7365.455
2016-12-02,4684.616,0.0,4684.616
2016-12-03,5269.816,0.0,5269.816
2016-12-04,944.2860000000001,0.0,944.2860000000001
2016-12-05,5267.004,0.0,5267.004
2016-12-06,3878.276,0.0,3878.276
2016-12-07,0.0,0.0,0.0
2016-12-08,4709.095,0.0,4709.095
2016-12-09,1855.483,0.0,1855.483
2016-12-10,3459.71,0.0,3459.71
2016-12-11,6102.25,0.0,6102.25
2016-12-12,1981.115,0.0,1981.115
2016-12-13,1194.088,0.0,1194.088
2016-12-14,828.654,0.0,828.654
2016-12-15,2637.087,0.0,2637.087
2016-12-16,628.5419999999999,0.0,628.5419999999999
2016-12-17,12185.134,0.0,12185.134
2016-12-18,7051.35,0.0,7051.35
2016-12-19,815.1120000000001,0.0,815.1120000000001
2016-12-20,134.54,0.0,134.54
2016-12-21,0.0,0.0,0.0
2016-12-22,1043.128,0.0,1043.128
2016-12-23,6965.857,0.0,6965.857
2016-12-24,1938.26,0.0,1938.26
2016-12-25,10488.055,0.0,10488.055
2016-12-26,1829.418,0.0,1829.418
2016-12-27,959.49,0.0,959.49
2016-12-28,0.0,0.0,0.0
2016-12-29,1277.68,0.0,1277.68
2016-12-30,773.774,0.0,773.774
2016-12-31,731.768,0.0,731.768
2017-01-01,1481.8280000000002,0.0,1481.8280000000002
2017-01-02,2079.554,0.0,2079.554
2017-01-03,2070.272,0.0,2070.272
2017-01-04,0.0,0.0,0.0
2017-01-05,0.0,0.0,0.0
2017-01-06,33.74,0.0,33.74
2017-01-07,3395.59,0.0,3395.59
2017-01-08,892.98,0.0,892.98
2017-01-09,274.491,0.0,274.491
2017-01-10,0.0,0.0,0.0
2017-01-11,0.0,0.0,0.0
2017-01-12,848.52,0.0,848.52
2017-01-13,4619.33,0.0,4619.33
2017-01-14,1056.038,0.0,1056.038
2017-01-15,2140.28,0.0,2140.28
2017-01-16,6230.2919999999995,0.0,6230.2919999999995
2017-01-17,0.0,0.0,0.0
2017-01-18,0.0,0.0,0.0
2017-01-19,2013.715,0.0,2013.715
2017-01-20,767.838,0.0,767.838
2017-01-21,2546.643,0.0,2546.643
2017-01-22,4212.372,0.0,4212.372
2017-01-23,450.334,0.0,450.334
2017-01-24,418.66599999999994,0.0,418.66599999999994
2017-01-25,0.0,0.0,0.0
2017-01-26,3055.2799999999997,0.0,3055.2799999999997
2017-01-27,331.914,0.0,331.914
2017-01-28,1007.52,0.0,1007.52
2017-01-29,294.842,0.0,294.842
2017-01-30,3749.335,0.0,3749.335
2017-01-31,0.0,0.0,0.0
2017-02-01,0.0,0.0,0.0
2017-02-02,913.354,0.0,913.354
2017-02-03,922.327,0.0,922.327
2017-02-04,32.67,0.0,32.67
2017-02-05,2263.012,0.0,2263.012
2017-02-06,904.354,0.0,904.354
2017-02-07,0.0,0.0,0.0
2017-02-08,0.0,0.0,0.0
2017-02-09,773.7639999999999,0.0,773.7639999999999
2017-02-10,227.103,0.0,227.103
2017-02-11,1241.516,0.0,1241.516
2017-02-12,0.0,0.0,0.0
2017-02-13,1058.43,0.0,1058.43
2017-02-14,0.0,0.0,0.0
2017-02-15,0.0,0.0,0.0
2017-02-16,1337.442,0.0,1337.442
2017-02-17,2964.8174,0.0,2964.8174
2017-02-18,287.326,0.0,287.326
2017-02-19,1314.59,0.0,1314.59
2017-02-20,1150.29,0.0,1150.29
2017-02-21,47.904,0.0,47.904
2017-02-22,0.0,0.0,0.0
2017-02-23,117.79999999999998,0.0,117.79999999999998
2017-02-24,1448.676,0.0,1448.676
2017-02-25,430.49199999999996,0.0,430.49199999999996
2017-02-26,2847.6459999999997,0.0,2847.6459999999997
2017-02-27,0.0,0.0,0.0
2017-02-28,17.62,0.0,17.62
2017-03-01,0.0,0.0,0.0
2017-03-02,1450.126,0.0,1450.126
2017-03-03,2000.1039999999998,0.0,2000.1039999999998
2017-03-04,228.822,0.0,228.822
2017-03-05,1240.02,0.0,1240.02
2017-03-06,778.236,0.0,778.236
2017-03-07,166.59,0.0,166.59
2017-03-08,843.1,0.0,843.1
2017-03-09,710.804,0.0,710.804
2017-03-10,1252.952,0.0,1252.952
2017-03-11,1973.708,0.0,1973.708
2017-03-12,353.28,0.0,353.28
2017-03-13,4791.35,0.0,4791.35
2017-03-14,49.616,0.0,49.616
2017-03-15,0.0,0.0,0.0
2017-03-16,2014.381,0.0,2014.381
2017-03-17,542.746,0.0,542.746
2017-03-18,1027.758,0.0,1027.758
2017-03-19,2166.248,0.0,2166.248
2017-03-20,899.568,0.0,899.568
2017-03-21,3332.636,0.0,3332.636
2017-03-22,0.0,0.0,0.0
2017-03-23,14816.068,0.0,14816.068
2017-03-24,1257.298,0.0,1257.298
2017-03-25,3567.026,0.0,3567.026
2017-03-26,3252.88,0.0,3252.88
2017-03-27,2933.516,0.0,2933.516
2017-03-28,1504.702,0.0,1504.702
2017-03-29,81.4,0.0,81.4
2017-03-30,656.407,0.0,656.407
2017-03-31,4981.010799999999,0.0,4981.010799999999
2017-04-01,5972.988,0.0,5972.988
2017-04-02,822.97,0.0,822.97
2017-04-03,32.528,0.0,32.528
2017-04-04,808.47,0.0,808.47
2017-04-05,0.0,0.0,0.0
2017-04-06,114.41999999999999,0.0,114.41999999999999
2017-04-07,1971.2905,0.0,1971.2905
2017-04-08,6401.93,0.0,6401.93
2017-04-09,1626.71,0.0,1626.71
2017-04-10,755.529,0.0,755.529
2017-04-11,319.806,0.0,319.806
2017-04-12,69.66,0.0,69.66
2017-04-13,1345.8239999999998,0.0,1345.8239999999998
2017-04-14,652.93,0.0,652.93
2017-04-15,332.338,0.0,332.338
2017-04-16,944.429,0.0,944.429
2017-04-17,3431.4590000000003,0.0,3431.4590000000003
2017-04-18,0.0,0.0,0.0
2017-04-19,0.0,0.0,0.0
2017-04-20,2033.24,0.0,2033.24
2017-04-21,1254.564,0.0,1254.564
2017-04-22,947.692,0.0,947.692
2017-04-23,1199.222,0.0,1199.222
2017-04-24,928.558,0.0,928.558
2017-04-25,678.113,0.0,678.113
2017-04-26,61.608000000000004,0.0,61.608000000000004
2017-04-27,576.5756,0.0,576.5756
2017-04-28,795.296,0.0,795.296
2017-04-29,1053.26,0.0,1053.26
2017-04-30,1390.1260000000002,0.0,1390.1260000000002
2017-05-01,4108.37,0.0,4108.37
2017-05-02,399.11,0.0,399.11
2017-05-03,1386.346,0.0,1386.346
2017-05-04,1389.4050000000002,0.0,1389.4050000000002
2017-05-05,185.123,0.0,185.123
2017-05-06,3183.3698,0.0,3183.3698
2017-05-07,2549.468,0.0,2549.468
2017-05-08,3658.5540000000005,0.0,3658.5540000000005
2017-05-09,1078.222,0.0,1078.222
2017-05-10,0.0,0.0,0.0
2017-05-11,449.469,0.0,449.469
2017-05-12,970.384,0.0,970.384
2017-05-13,3066.378,0.0,3066.378
2017-05-14,4182.062,0.0,4182.062
2017-05-15,421.264,0.0,421.264
2017-05-16,221.024,0.0,221.024
2017-05-17,0.0,0.0,0.0
2017-05-18,1830.508,0.0,1830.508
2017-05-19,4919.182,0.0,4919.182
2017-05-20,2997.578,0.0,2997.578
2017-05-21,538.02,0.0,538.02
2017-05-22,336.56199999999995,0.0,336.56199999999995
2017-05-23,241.436,0.0,241.436
2017-05-24,0.0,0.0,0.0
2017-05-25,886.026,0.0,886.026
2017-05-26,270.24,0.0,270.24
2017-05-27,2084.908,0.0,2084.908
2017-05-28,1480.103,0.0,1480.103
2017-05-29,691.108,0.0,691.108
2017-05-30,736.8904,0.0,736.8904
2017-05-31,0.0,0.0,0.0
2017-06-01,5058.362,0.0,5058.362
2017-06-02,135.70600000000002,0.0,135.70600000000002
2017-06-03,2952.036,0.0,2952.036
2017-06-04,279.414,0.0,279.414
2017-06-05,491.11199999999997,0.0,491.11199999999997
2017-06-06,31.349999999999998,0.0,31.349999999999998
2017-06-07,0.0,0.0,0.0
2017-06-08,2227.038,0.0,2227.038
2017-06-09,939.1329999999999,0.0,939.1329999999999
2017-06-10,2513.3430000000003,0.0,2513.3430000000003
2017-06-11,1580.894,0.0,1580.894
2017-06-12,1679.968,0.0,1679.968
2017-06-13,1156.018,0.0,1156.018
2017-06-14,0.0,0.0,0.0
2017-06-15,4057.51,0.0,4057.51
2017-06-16,2724.194,0.0,2724.194
2017-06-17,3896.672,0.0,3896.672
2017-06-18,1031.1555,0.0,1031.1555
2017-06-19,2115.941,0.0,2115.941
2017-06-20,1028.228,0.0,1028.228
2017-06-21,595.656,0.0,595.656
2017-06-22,579.019,0.0,579.019
2017-06-23,0.0,0.0,0.0
2017-06-24,1287.614,0.0,1287.614
2017-06-25,1508.3519999999999,0.0,1508.3519999999999
2017-06-26,4224.136,0.0,4224.136
2017-06-27,1644.906,0.0,1644.906
2017-06-28,0.0,0.0,0.0
2017-06-29,4521.9912,0.0,4521.9912
2017-06-30,4721.977,0.0,4721.977
2017-07-01,639.83,0.0,639.83
2017-07-02,169.192,0.0,169.192
2017-07-03,6963.4039999999995,0.0,6963.4039999999995
2017-07-04,0.0,0.0,0.0
2017-07-05,476.35400000000004,0.0,476.35400000000004
2017-07-06,380.37800000000004,0.0,380.37800000000004
2017-07-07,1620.25,0.0,1620.25
2017-07-08,1980.2640000000001,0.0,1980.2640000000001
2017-07-09,1671.214,0.0,1671.214
2017-07-10,359.21399999999994,0.0,359.21399999999994
2017-07-11,1728.892,0.0,1728.892
2017-07-12,3.816,0.0,3.816
2017-07-13,504.542,0.0,504.542
2017-07-14,3598.9339999999997,0.0,3598.9339999999997
2017-07-15,2132.229,0.0,2132.229
2017-07-16,316.636,0.0,316.636
2017-07-17,2191.873,0.0,2191.873
2017-07-18,2106.794,0.0,2106.794
2017-07-19,0.0,0.0,0.0
2017-07-20,2283.208,0.0,2283.208
2017-07-21,3685.944,0.0,3685.944
2017-07-22,556.3140000000001,0.0,556.3140000000001
2017-07-23,898.188,0.0,898.188
2017-07-24,2399.96,0.0,2399.96
2017-07-25,798.742,0.0,798.742
2017-07-26,2012.3020000000001,0.0,2012.3020000000001
2017-07-27,1142.68,0.0,1142.68
2017-07-28,1170.5639999999999,0.0,1170.5639999999999
2017-07-29,1391.294,0.0,1391.294
2017-07-30,523.376,0.0,523.376
2017-07-31,1558.028,0.0,1558.028
2017-08-01,2085.65,0.0,2085.65
2017-08-02,0.0,0.0,0.0
2017-08-03,531.348,0.0,531.348
2017-08-04,20.07,0.0,20.07
2017-08-05,503.676,0.0,503.676
2017-08-06,1424.026,0.0,1424.026
2017-08-07,3479.624,0.0,3479.624
2017-08-08,0.0,0.0,0.0
2017-08-09,0.0,0.0,0.0
2017-08-10,1823.0700000000002,0.0,1823.0700000000002
2017-08-11,708.726,0.0,708.726
2017-08-12,3693.084,0.0,3693.084
2017-08-13,2643.164,0.0,2643.164
2017-08-14,440.736,0.0,440.736
2017-08-15,1949.872,0.0,1949.872
2017-08-16,80.564,0.0,80.564
2017-08-17,9517.287999999999,0.0,9517.287999999999
2017-08-18,7078.4839999999995,0.0,7078.4839999999995
2017-08-19,512.446,0.0,512.446
2017-08-20,692.95,0.0,692.95
2017-08-21,8551.054,0.0,8551.054
2017-08-22,524.54,0.0,524.54
2017-08-23,4590.344,0.0,4590.344
2017-08-24,685.0560000000002,0.0,685.0560000000002
2017-08-25,361.988,0.0,361.988
2017-08-26,190.66,0.0,190.66
2017-08-27,6190.538,0.0,6190.538
2017-08-28,1443.6319999999998,0.0,1443.6319999999998
2017-08-29,235.46800000000002,0.0,235.46800000000002
2017-08-30,0.0,0.0,0.0
2017-08-31,3162.83,0.0,3162.83
2017-09-01,1261.81,0.0,1261.81
2017-09-02,9354.854,0.0,9354.854
2017-09-03,1595.849,0.0,1595.849
2017-09-04,5360.202,0.0,5360.202
2017-09-05,327.044,0.0,327.044
2017-09-06,0.0,0.0,0.0
2017-09-07,3848.565,0.0,3848.565
2017-09-08,2184.327,0.0,2184.327
2017-09-09,4356.061,0.0,4356.061
2017-09-10,2506.646,0.0,2506.646
2017-09-11,5564.006,0.0,5564.006
2017-09-12,491.54999999999995,0.0,491.54999999999995
2017-09-13,15.92,0.0,15.92
2017-09-14,4367.347,0.0,4367.347
2017-09-15,7285.026,0.0,7285.026
2017-09-16,849.65,0.0,849.65
2017-09-17,4979.226,0.0,4979.226
2017-09-18,1511.93,0.0,1511.93
2017-09-19,1648.188,0.0,1648.188
2017-09-20,7359.918,0.0,7359.918
2017-09-21,338.172,0.0,338.172
2017-09-22,7871.213,0.0,7871.213
2017-09-23,2395.786,0.0,2395.786
2017-09-24,6450.4619999999995,0.0,6450.4619999999995
2017-09-25,1412.213,0.0,1412.213
2017-09-26,1486.576,0.0,1486.576
2017-09-27,0.0,0.0,0.0
2017-09-28,559.271,0.0,559.271
2017-09-29,1944.08,0.0,1944.08
2017-09-30,540.76,0.0,540.76
2017-10-01,2978.466,0.0,2978.466
2017-10-02,5418.022,0.0,5418.022
2017-10-03,2504.48,0.0,2504.48
2017-10-04,19.98,0.0,19.98
2017-10-05,6684.616,0.0,6684.616
2017-10-06,1499.652,0.0,1499.652
2017-10-07,2749.21,0.0,2749.21
2017-10-08,608.356,0.0,608.356
2017-10-09,1496.589,0.0,1496.589
2017-10-10,239.358,0.0,239.358
2017-10-11,0.0,0.0,0.0
2017-10-12,5635.354,0.0,5635.354
2017-10-13,8405.802,0.0,8405.802
2017-10-14,134.332,0.0,134.332
2017-10-15,1017.94,0.0,1017.94
2017-10-16,3473.5969999999998,0.0,3473.5969999999998
2017-10-17,126.352,0.0,126.352
2017-10-18,0.0,0.0,0.0
2017-10-19,2781.8702000000003,0.0,2781.8702000000003
2017-10-20,1333.858,0.0,1333.858
2017-10-21,4537.201,0.0,4537.201
2017-10-22,15158.877,0.0,15158.877
2017-10-23,3352.3940000000002,0.0,3352.3940000000002
2017-10-24,529.0849999999999,0.0,529.0849999999999
2017-10-25,0.0,0.0,0.0
2017-10-26,999.868,0.0,999.868
2017-10-27,1086.32,0.0,1086.32
2017-10-28,408.726,0.0,408.726
2017-10-29,46.96,0.0,46.96
2017-10-30,4025.7299999999996,0.0,4025.7299999999996
2017-10-31,523.928,0.0,523.928
2017-11-01,2921.43,0.0,2921.43
2017-11-02,6294.386,0.0,6294.386
2017-11-03,4536.937,0.0,4536.937
2017-11-04,10668.096,0.0,10668.096
2017-11-05,2355.064,0.0,2355.064
2017-11-06,4288.75,0.0,4288.75
2017-11-07,2413.378,0.0,2413.378
2017-11-08,384.1,0.0,384.1
2017-11-09,4751.492,0.0,4751.492
2017-11-10,4007.5480000000002,0.0,4007.5480000000002
2017-11-11,1815.2179999999998,0.0,1815.2179999999998
2017-11-12,2911.386,0.0,2911.386
2017-11-13,6633.4202000000005,0.0,6633.4202000000005
2017-11-14,834.6579999999999,0.0,834.6579999999999
2017-11-15,559.2,0.0,559.2
2017-11-16,4755.234,0.0,4755.234
2017-11-17,13694.8828,0.0,13694.8828
2017-11-18,1469.756,0.0,1469.756
2017-11-19,7397.272,0.0,7397.272
2017-11-20,2988.274,0.0,2988.274
2017-11-21,2236.1839999999997,0.0,2236.1839999999997
2017-11-22,35.712,0.0,35.712
2017-11-23,1153.109,0.0,1153.109
2017-11-24,4959.641,0.0,4959.641
2017-11-25,3666.157,0.0,3666.157
2017-11-26,5048.1720000000005,0.0,5048.1720000000005
2017-11-27,1618.254,0.0,1618.254
2017-11-28,6912.944,0.0,6912.944
2017-11-29,491.888,0.0,491.888
2017-11-30,6645.282,0.0,6645.282
2017-12-01,5331.178,0.0,5331.178
2017-12-02,9951.182,0.0,9951.182
2017-12-03,1403.842,0.0,1403.842
2017-12-04,2639.638,0.0,2639.638
2017-12-05,1453.136,0.0,1453.136
2017-12-06,10.68,0.0,10.68
2017-12-07,2916.514,0.0,2916.514
2017-12-08,7643.041,0.0,7643.041
2017-12-09,5470.39,0.0,5470.39
2017-12-10,3873.5589999999997,0.0,3873.5589999999997
2017-12-11,2823.965,0.0,2823.965
2017-12-12,0.0,0.0,0.0
2017-12-13,580.936,0.0,580.936
2017-12-14,3897.714,0.0,3897.714
2017-12-15,306.88800000000003,0.0,306.88800000000003
2017-12-16,858.702,0.0,858.702
2017-12-17,2027.758,0.0,2027.758
2017-12-18,3645.911,0.0,3645.911
2017-12-19,1895.926,0.0,1895.926
2017-12-20,377.736,0.0,377.736
2017-12-21,2140.94,0.0,2140.94
2017-12-22,7442.021,0.0,7442.021
2017-12-23,1926.776,0.0,1926.776
2017-12-24,6233.054,0.0,6233.054
2017-12-25,2698.927,0.0,2698.927
2017-12-26,814.5939999999999,0.0,814.5939999999999
2017-12-27,177.636,0.0,177.636
2017-12-28,1657.3508000000002,0.0,1657.3508000000002
2017-12-29,2915.534,0.0,2915.534
2017-12-30,713.7900000000001,0.0,713.7900000000001
2017-12-31,0.0,0.0,0.0
2018-01-01,0.0,2588.82,2588.82
2018-01-02,0.0,1900.06,1900.06
2018-01-03,0.0,930.39,930.39
2018-01-04,0.0,2030.59,2030.59
2018-01-05,0.0,2204.85,2204.85
2018-01-06,0.0,1725.04,1725.04
2018-01-07,0.0,1834.12,1834.12
2018-01-08,0.0,1978.73,1978.73
2018-01-09,0.0,1342.22,1342.22
2018-01-10,0.0,431.86,431.86
2018-01-11,0.0,1597.22,1597.22
2018-01-12,0.0,1841.23,1841.23
2018-01-13,0.0,1434.32,1434.32
2018-01-14,0.0,1617.95,1617.95
2018-01-15,0.0,1837.21,1837.21
2018-01-16,0.0,1273.87,1273.87
2018-01-17,0.0,433.64,433.64
2018-01-18,0.0,1664.64,1664.64
2018-01-19,0.0,1968.36,1968.36
2018-01-20,0.0,1613.98,1613.98
2018-01-21,0.0,1841.86,1841.86
2018-01-22,0.0,2096.15,2096.15
2018-01-23,0.0,1557.93,1557.93
2018-01-24,0.0,732.42,732.42
2018-01-25,0.0,1967.49,1967.49
2018-01-26,0.0,2264.66,2264.66
2018-01-27,0.0,1893.38,1893.38
2018-01-28,0.0,2094.52,2094.52
2018-01-29,0.0,2312.99,2312.99
2018-01-30,0.0,1730.83,1730.83
2018-01-31,0.0,854.45,854.45
2018-02-01,0.0,2033.08,2033.08
2018-02-02,0.0,2269.72,2269.72
2018-02-03,0.0,1835.44,1835.44
2018-02-04,0.0,1972.77,1972.77
2018-02-05,0.0,2128.35,2128.35
2018-02-06,0.0,1485.91,1485.91
2018-02-07,0.0,553.52,553.52
2018-02-08,0.0,1681.98,1681.98
2018-02-09,0.0,1875.73,1875.73
2018-02-10,0.0,1407.11,1407.11
2018-02-11,0.0,1519.77,1519.77
2018-02-12,0.0,1661.19,1661.19
2018-02-13,0.0,1015.76,1015.76
2018-02-14,0.0,91.92,91.92
2018-02-15,0.0,1240.58,1240.58
2018-02-16,0.0,1466.03,1466.03
2018-02-17,0.0,1040.18,1040.18
2018-02-18,0.0,1206.0,1206.0
2018-02-19,0.0,1410.05,1410.05
2018-02-20,0.0,835.57,835.57
2018-02-21,0.0,-10.35,-10.35
2018-02-22,0.0,1221.69,1221.69
2018-02-23,0.0,1534.34,1534.34
2018-02-24,0.0,1197.78,1197.78
2018-02-25,0.0,1453.17,1453.17
2018-02-26,0.0,1745.27,1745.27
2018-02-27,0.0,1255.55,1255.55
2018-02-28,0.0,489.38,489.38
2018-03-01,0.0,1794.54,1794.54
2018-03-02,0.0,2172.24,2172.24
2018-03-03,0.0,1891.34,1891.34
2018-03-04,0.0,2191.92,2191.92
2018-03-05,0.0,2517.88,2517.88
2018-03-06,0.0,2050.05,2050.05
2018-03-07,0.0,1293.43,1293.43
2018-03-08,0.0,2595.71,2595.71
2018-03-09,0.0,2958.23,2958.23
2018-03-10,0.0,2650.25,2650.25
2018-03-11,0.0,2912.52,2912.52
2018-03-12,0.0,3189.79,3189.79
2018-03-13,0.0,2663.96,2663.96
2018-03-14,0.0,1841.29,1841.29
2018-03-15,0.0,3070.85,3070.85
2018-03-16,0.0,3355.48,3355.48
2018-03-17,0.0,2966.04,2966.04
2018-03-18,0.0,3144.85,3144.85
2018-03-19,0.0,3338.3,3338.3
2018-03-20,0.0,2729.87,2729.87
2018-03-21,0.0,1827.32,1827.32
2018-03-22,0.0,2981.12,2981.12
2018-03-23,0.0,3195.39,3195.39
2018-03-24,0.0,2742.09,2742.09
2018-03-25,0.0,2864.48,2864.48
2018-03-26,0.0,3009.7,3009.7
2018-03-27,0.0,2361.74,2361.74
2018-03-28,0.0,1428.7,1428.7
2018-03-29,0.0,2561.13,2561.13
2018-03-30,0.0,2763.06,2763.06
2018-03-31,0.0,2306.13,2306.13
2018-04-01,0.0,2433.13,2433.13
2018-04-02,0.0,2590.52,2590.52
2018-04-03,0.0,1961.5,1961.5
2018-04-04,0.0,1053.22,1053.22
2018-04-05,0.0,2215.25,2215.25
2018-04-06,0.0,2450.52,2450.52
2018-04-07,0.0,2029.57,2029.57
2018-04-08,0.0,2194.05,2194.05
2018-04-09,0.0,2389.35,2389.35
2018-04-10,0.0,1797.61,1797.61
2018-04-11,0.0,925.05,925.05
2018-04-12,0.0,2120.35,2120.35
2018-04-13,0.0,2385.71,2385.71
2018-04-14,0.0,1991.05,1991.05
2018-04-15,0.0,2177.57,2177.57
2018-04-16,0.0,2390.34,2390.34
2018-04-17,0.0,1811.36,1811.36
2018-04-18,0.0,946.83,946.83
2018-04-19,0.0,2145.58,2145.58
2018-04-20,0.0,2410.09,2410.09
2018-04-21,0.0,2010.71,2010.71
2018-04-22,0.0,2189.13,2189.13
2018-04-23,0.0,2391.03,2391.03
2018-04-24,0.0,1799.09,1799.09
2018-04-25,0.0,920.23,920.23
2018-04-26,0.0,2104.01,2104.01
2018-04-27,0.0,2353.67,2353.67
2018-04-28,0.0,1940.26,1940.26
2018-04-29,0.0,2106.17,2106.17
2018-04-30,0.0,2297.68,2297.68
2018-05-01,0.0,1698.0,1698.0
2018-05-02,0.0,814.5,814.5
2018-05-03,0.0,1997.07,1997.07
2018-05-04,0.0,2249.16,2249.16
2018-05-05,0.0,1841.93,1841.93
2018-05-06,0.0,2017.75,2017.75
2018-05-07,0.0,2222.76,2222.76
2018-05-08,0.0,1639.92,1639.92
2018-05-09,0.0,776.23,776.23
2018-05-10,0.0,1981.17,1981.17
2018-05-11,0.0,2257.63,2257.63
2018-05-12,0.0,1876.2,1876.2
2018-05-13,0.0,2078.62,2078.62
2018-05-14,0.0,2310.36,2310.36
2018-05-15,0.0,1753.73,1753.73
2018-05-16,0.0,915.08,915.08
2018-05-17,0.0,2143.25,2143.25
2018-05-18,0.0,2440.57,2440.57
2018-05-19,0.0,2077.1,2077.1
2018-05-20,0.0,2294.13,2294.13
2018-05-21,0.0,2536.81,2536.81
2018-05-22,0.0,1987.15,1987.15
2018-05-23,0.0,1151.36,1151.36
2018-05-24,0.0,2378.22,2378.22
2018-05-25,0.0,2670.11,2670.11
2018-05-26,0.0,2297.22,2297.22
2018-05-27,0.0,2501.11,2501.11
2018-05-28,0.0,2727.22,2727.22
2018-05-29,0.0,2158.0,2158.0
2018-05-30,0.0,1300.1,1300.1
2018-05-31,0.0,2502.84,2502.84
2018-06-01,0.0,2769.13,2769.13
2018-06-02,0.0,2369.77,2369.77
2018-06-03,0.0,2546.87,2546.87
2018-06-04,0.0,2746.46,2746.46
2018-06-05,0.0,2151.54,2151.54
2018-06-06,0.0,1269.25,1269.25
2018-06-07,0.0,2449.38,2449.38
2018-06-08,0.0,2695.25,2695.25
2018-06-09,0.0,2277.97,2277.97
2018-06-10,0.0,2439.93,2439.93
2018-06-11,0.0,2627.31,2627.31
2018-06-12,0.0,2023.22,2023.22
2018-06-13,0.0,1134.83,1134.83
2018-06-14,0.0,2311.85,2311.85
2018-06-15,0.0,2557.47,2557.47
2018-06-16,0.0,2142.62,2142.62
2018-06-17,0.0,2309.41,2309.41
2018-06-18,0.0,2503.75,2503.75
2018-06-19,0.0,1908.38,1908.38
2018-06-20,0.0,1030.13,1030.13
2018-06-21,0.0,2218.33,2218.33
2018-06-22,0.0,2475.8,2475.8
2018-06-23,0.0,2073.08,2073.08
2018-06-24,0.0,2251.96,2251.96
2018-06-25,0.0,2458.0,2458.0
2018-06-26,0.0,1873.68,1873.68
2018-06-27,0.0,1005.59,1005.59
2018-06-28,0.0,2202.85,2202.85
2018-06-29,0.0,2468.15,2468.15
2018-06-30,0.0,2071.96,2071.96
2018-07-01,0.0,2256.01,2256.01
2018-07-02,0.0,2465.89,2465.89
2018-07-03,0.0,1884.15,1884.15
2018-07-04,0.0,1017.47,1017.47
2018-07-05,0.0,2215.13,2215.13
2018-07-06,0.0,2479.97,2479.97
2018-07-07,0.0,2082.65,2082.65
2018-07-08,0.0,2265.12,2265.12
2018-07-09,0.0,2473.18,2473.18
2018-07-10,0.0,1889.55,1889.55
2018-07-11,0.0,1021.13,1021.13
2018-07-12,0.0,2217.35,2217.35
2018-07-13,0.0,2481.21,2481.21
2018-07-14,0.0,2083.49,2083.49
2018-07-15,0.0,2266.21,2266.21
2018-07-16,0.0,2475.22,2475.22
2018-07-17,0.0,1893.25,1893.25
2018-07-18,0.0,1027.17,1027.17
2018-07-19,0.0,2226.36,2226.36
2018-07-20,0.0,2493.72,2493.72
2018-07-21,0.0,2099.9,2099.9
2018-07-22,0.0,2286.8,2286.8
2018-07-23,0.0,2500.1,2500.1
2018-07-24,0.0,1922.4,1922.4
2018-07-25,0.0,1060.38,1060.38
2018-07-26,0.0,2263.28,2263.28
2018-07-27,0.0,2533.86,2533.86
2018-07-28,0.0,2142.67,2142.67
2018-07-29,0.0,2331.51,2331.51
2018-07-30,0.0,2546.02,2546.02
2018-07-31,0.0,1968.78,1968.78
2018-08-01,0.0,1106.49,1106.49
2018-08-02,0.0,2308.46,2308.46
2018-08-03,0.0,2577.58,2577.58
2018-08-04,0.0,2184.54,2184.54
2018-08-05,0.0,2371.32,2371.32
2018-08-06,0.0,2583.8,2583.8
2018-08-07,0.0,2004.79,2004.79
2018-08-08,0.0,1141.29,1141.29
2018-08-09,0.0,2342.88,2342.88
2018-08-10,0.0,2612.74,2612.74
2018-08-11,0.0,2221.84,2221.84
2018-08-12,0.0,2412.45,2412.45
2018-08-13,0.0,2630.68,2630.68
2018-08-14,0.0,2059.56,2059.56
2018-08-15,0.0,1206.26,1206.26
2018-08-16,0.0,2420.49,2420.49
2018-08-17,0.0,2705.5,2705.5
2018-08-18,0.0,2332.27,2332.27
2018-08-19,0.0,2542.99,2542.99
2018-08-20,0.0,2783.66,2783.66
2018-08-21,0.0,2237.13,2237.13
2018-08-22,0.0,1410.29,1410.29
2018-08-23,0.0,2652.53,2652.53
2018-08-24,0.0,2966.7,2966.7
2018-08-25,0.0,2623.36,2623.36
2018-08-26,0.0,2864.2,2864.2
2018-08-27,0.0,3134.69,3134.69
2018-08-28,0.0,2617.13,2617.13
2018-08-29,0.0,1817.84,1817.84
2018-08-30,0.0,3085.62,3085.62
2018-08-31,0.0,3422.77,3422.77
2018-09-01,0.0,3099.26,3099.26
2018-09-02,0.0,3356.29,3356.29
2018-09-03,0.0,3638.83,3638.83
2018-09-04,0.0,3128.74,3128.74
2018-09-05,0.0,2331.98,2331.98
2018-09-06,0.0,3597.05,3597.05
2018-09-07,0.0,3926.01,3926.01
2018-09-08,0.0,3588.72,3588.72
2018-09-09,0.0,3826.29,3826.29
2018-09-10,0.0,4083.76,4083.76
2018-09-11,0.0,3543.1,3543.1
2018-09-12,0.0,2710.48,2710.48
2018-09-13,0.0,3934.73,3934.73
2018-09-14,0.0,4218.28,4218.28
2018-09-15,0.0,3831.45,3831.45
2018-09-16,0.0,4015.92,4015.92
2018-09-17,0.0,4217.29,4217.29
2018-09-18,0.0,3618.21,3618.21
2018-09-19,0.0,2725.54,2725.54
2018-09-20,0.0,3888.84,3888.84
2018-09-21,0.0,4111.31,4111.31
2018-09-22,0.0,3664.01,3664.01
2018-09-23,0.0,3789.38,3789.38
2018-09-24,0.0,3933.81,3933.81
2018-09-25,0.0,3280.65,3280.65
2018-09-26,0.0,2337.47,2337.47
2018-09-27,0.0,3454.48,3454.48
2018-09-28,0.0,3635.49,3635.49
2018-09-29,0.0,3152.12,3152.12
2018-09-30,0.0,3247.29,3247.29
2018-10-01,0.0,3367.78,3367.78
2018-10-02,0.0,2697.29,2697.29
2018-10-03,0.0,1743.66,1743.66
2018-10-04,0.0,2857.25,2857.25
2018-10-05,0.0,3041.95,3041.95
2018-10-06,0.0,2569.4,2569.4
2018-10-07,0.0,2682.41,2682.41
2018-10-08,0.0,2827.61,2827.61
2018-10-09,0.0,2188.44,2188.44
2018-10-10,0.0,1272.38,1272.38
2018-10-11,0.0,2429.41,2429.41
2018-10-12,0.0,2662.92,2662.92
2018-10-13,0.0,2244.0,2244.0
2018-10-14,0.0,2414.85,2414.85
2018-10-15,0.0,2621.43,2621.43
2018-10-16,0.0,2046.46,2046.46
2018-10-17,0.0,1196.69,1196.69
2018-10-18,0.0,2421.3,2421.3
2018-10-19,0.0,2722.88,2722.88
2018-10-20,0.0,2371.7,2371.7
2018-10-21,0.0,2609.16,2609.16
2018-10-22,0.0,2880.38,2880.38
2018-10-23,0.0,2367.32,2367.32
2018-10-24,0.0,1575.95,1575.95
2018-10-25,0.0,2854.71,2854.71
2018-10-26,0.0,3205.55,3205.55
2018-10-27,0.0,2898.11,2898.11
2018-10-28,0.0,3173.24,3173.24
2018-10-29,0.0,3475.61,3475.61
2018-10-30,0.0,2986.79,2986.79
2018-10-31,0.0,2212.47,2212.47
2018-11-01,0.0,3500.92,3500.92
2018-11-02,0.0,3853.99,3853.99
2018-11-03,0.0,3541.36,3541.36
2018-11-04,0.0,3804.03,3804.03
2018-11-05,0.0,4086.92,4086.92
2018-11-06,0.0,3571.95,3571.95
2018-11-07,0.0,2765.3,2765.3
2018-11-08,0.0,4015.79,4015.79
2018-11-09,0.0,4325.94,4325.94
2018-11-10,0.0,3966.16,3966.16
2018-11-11,0.0,4178.27,4178.27
2018-11-12,0.0,4408.05,4408.05
2018-11-13,0.0,3838.35,3838.35
2018-11-14,0.0,2976.25,2976.25
2018-11-15,0.0,4171.55,4171.55
2018-11-16,0.0,4427.68,4427.68
2018-11-17,0.0,4015.97,4015.97
2018-11-18,0.0,4179.1,4179.1
2018-11-19,0.0,4363.66,4363.66
2018-11-20,0.0,3753.19,3753.19
2018-11-21,0.0,2855.43,2855.43
2018-11-22,0.0,4020.66,4020.66
2018-11-23,0.0,4252.72,4252.72
2018-11-24,0.0,3823.19,3823.19
2018-11-25,0.0,3974.86,3974.86
2018-11-26,0.0,4154.28,4154.28
2018-11-27,0.0,3544.85,3544.85
2018-11-28,0.0,2653.95,2653.95
2018-11-29,0.0,3831.42,3831.42
2018-11-30,0.0,4080.52,4080.52
2018-12-01,0.0,3672.1,3672.1
2018-12-02,0.0,3848.15,3848.15
2018-12-03,0.0,4054.33,4054.33
2018-12-04,0.0,3473.05,3473.05
2018-12-05,0.0,2610.69,2610.69
2018-12-06,0.0,3816.07,3816.07
2018-12-07,0.0,4091.38,4091.38
2018-12-08,0.0,3706.51,3706.51
2018-12-09,0.0,3902.47,3902.47
2018-12-10,0.0,4124.06,4124.06
2018-12-11,0.0,3552.89,3552.89
2018-12-12,0.0,2694.72,2694.72
2018-12-13,0.0,3897.82,3897.82
2018-12-14,0.0,4164.05,4164.05
2018-12-15,0.0,3763.08,3763.08
2018-12-16,0.0,3935.91,3935.91
2018-12-17,0.0,4127.5,4127.5
2018-12-18,0.0,3519.82,3519.82
2018-12-19,0.0,2619.13,2619.13
2018-12-20,0.0,3774.39,3774.39
2018-12-21,0.0,3988.29,3988.29
2018-12-22,0.0,3531.51,3531.51
2018-12-23,0.0,3646.12,3646.12
2018-12-24,0.0,3778.29,3778.29
2018-12-25,0.0,3111.23,3111.23
2018-12-26,0.0,2152.5,2152.5
2018-12-27,0.0,3252.38,3252.38
2018-12-28,0.0,3414.84,3414.84
2018-12-29,0.0,2911.77,2911.77
2018-12-30,0.0,2986.4,2986.4
2018-12-31,0.0,3085.92,3085.92
